<?xml version="1.0" encoding="UTF-8"?>
<beans xmlns="http://www.springframework.org/schema/beans"
       xmlns:xsi="http://www.w3.org/2001/XMLSchema-instance" xmlns:p="http://www.springframework.org/schema/p"
       xmlns:context="http://www.springframework.org/schema/context"
       xmlns:dubbo="http://code.alibabatech.com/schema/dubbo" xmlns:mvc="http://www.springframework.org/schema/mvc"
       xsi:schemaLocation="http://www.springframework.org/schema/beans http://www.springframework.org/schema/beans/spring-beans.xsd
        http://www.springframework.org/schema/mvc http://www.springframework.org/schema/mvc/spring-mvc.xsd
        http://code.alibabatech.com/schema/dubbo http://code.alibabatech.com/schema/dubbo/dubbo.xsd
        http://www.springframework.org/schema/context http://www.springframework.org/schema/context/spring-context.xsd">

    <dubbo:protocol name="dubbo" port="20887"></dubbo:protocol>
    <dubbo:application name="pinyougou-page-service"/>
    <dubbo:registry address="zookeeper://10.211.55.6:2181"/>
    <dubbo:annotation package="com.pinyougou.page.service.impl" />

    <bean id="freemarkerConfig"
          class="org.springframework.web.servlet.view.freemarker.FreeMarkerConfigurer">
        <!--定义模板所在的路径-->
        <property name="templateLoaderPath" value="/WEB-INF/ftl/" />
        <!--定义编码字符集-->
        <property name="defaultEncoding" value="UTF-8" />
    </bean>
</beans>